id,focus,signal,slack,drag,confidence,score,lane,kind,invariant
g001,input width,36,31,40,71,228,ship,baseline,monotonic-signal
g002,search depth,40,24,4,97,390,ship,edge,drag-penalty
g003,boundary pressure,89,23,29,40,395,ship,recovery,confidence-floor
g004,complexity,73,60,22,48,442,ship,negative,lane-boundary
g005,input width,113,46,20,99,682,ship,baseline,monotonic-signal
g006,search depth,48,77,42,43,306,ship,edge,drag-penalty
g007,boundary pressure,63,60,33,63,399,ship,recovery,confidence-floor
g008,complexity,74,54,9,34,445,ship,negative,lane-boundary
g009,input width,39,53,41,67,273,ship,baseline,monotonic-signal
g010,search depth,69,20,16,88,444,ship,edge,drag-penalty
g011,boundary pressure,88,76,5,103,695,ship,recovery,confidence-floor
g012,complexity,57,72,43,29,301,ship,negative,lane-boundary
g013,input width,89,37,14,40,468,ship,baseline,monotonic-signal
g014,search depth,108,57,30,93,642,ship,edge,drag-penalty
g015,boundary pressure,77,35,39,81,423,ship,recovery,confidence-floor
g016,complexity,109,26,45,36,425,ship,negative,lane-boundary
g017,input width,41,59,29,61,317,ship,baseline,monotonic-signal
g018,search depth,98,43,22,35,482,ship,edge,drag-penalty
g019,boundary pressure,42,38,41,27,175,watch,recovery,confidence-floor
g020,complexity,106,38,10,70,610,ship,negative,lane-boundary
g021,input width,53,40,17,96,433,ship,baseline,monotonic-signal
g022,search depth,74,9,43,39,263,ship,edge,drag-penalty
g023,boundary pressure,44,31,16,47,284,ship,recovery,confidence-floor
g024,complexity,33,9,25,98,271,ship,negative,lane-boundary
g025,input width,31,46,31,42,207,ship,baseline,monotonic-signal
g026,search depth,33,22,14,62,258,ship,edge,drag-penalty
g027,boundary pressure,38,47,7,33,291,ship,recovery,confidence-floor
g028,complexity,44,27,5,66,347,ship,negative,lane-boundary
g029,input width,94,55,27,87,579,ship,baseline,monotonic-signal
g030,search depth,35,36,18,102,362,ship,edge,drag-penalty
g031,boundary pressure,53,29,36,28,218,ship,recovery,confidence-floor
g032,complexity,77,28,26,39,364,ship,negative,lane-boundary
g033,input width,81,65,43,92,509,ship,baseline,monotonic-signal
g034,search depth,42,51,32,80,334,ship,edge,drag-penalty
g035,boundary pressure,114,12,28,35,466,ship,recovery,confidence-floor
g036,complexity,66,65,41,60,391,ship,negative,lane-boundary
g037,input width,89,59,15,34,497,ship,baseline,monotonic-signal
g038,search depth,104,58,24,26,512,ship,edge,drag-penalty
g039,boundary pressure,115,25,30,69,558,ship,recovery,confidence-floor
g040,complexity,80,11,14,95,490,ship,negative,lane-boundary
g041,input width,110,77,7,38,649,ship,baseline,monotonic-signal
g042,search depth,41,42,26,46,262,ship,edge,drag-penalty
g043,boundary pressure,98,62,37,97,599,ship,recovery,confidence-floor
g044,complexity,42,40,44,41,198,ship,negative,lane-boundary
g045,input width,61,31,28,61,344,ship,baseline,monotonic-signal
g046,search depth,30,64,43,32,183,ship,edge,drag-penalty
g047,boundary pressure,62,48,10,65,444,ship,recovery,confidence-floor
g048,complexity,82,43,16,86,538,ship,negative,lane-boundary
g049,input width,51,43,41,101,369,ship,baseline,monotonic-signal
g050,search depth,83,45,34,27,374,ship,edge,drag-penalty
g051,boundary pressure,59,14,32,38,244,ship,recovery,confidence-floor
g052,complexity,94,36,12,91,594,ship,negative,lane-boundary
g053,input width,115,14,45,79,511,ship,baseline,monotonic-signal
g054,search depth,85,51,21,34,447,ship,edge,drag-penalty
g055,boundary pressure,74,27,11,59,435,ship,recovery,confidence-floor
g056,complexity,72,52,28,33,374,ship,negative,lane-boundary
g057,input width,74,32,17,25,359,ship,baseline,monotonic-signal
g058,search depth,79,60,13,68,533,ship,edge,drag-penalty
g059,boundary pressure,85,41,26,94,532,ship,recovery,confidence-floor
g060,complexity,47,34,42,37,204,ship,negative,lane-boundary
g061,input width,76,33,9,45,433,ship,baseline,monotonic-signal
g062,search depth,94,70,15,96,663,ship,edge,drag-penalty
g063,boundary pressure,30,56,41,40,189,ship,recovery,confidence-floor
g064,complexity,34,17,34,60,188,ship,negative,lane-boundary
g065,input width,83,70,11,31,501,ship,baseline,monotonic-signal
g066,search depth,67,64,22,64,458,ship,edge,drag-penalty
g067,boundary pressure,107,63,29,85,637,ship,recovery,confidence-floor
g068,complexity,42,30,13,100,389,ship,negative,lane-boundary
g069,input width,57,16,28,26,228,ship,baseline,monotonic-signal
g070,search depth,68,12,37,37,259,ship,edge,drag-penalty
g071,boundary pressure,33,47,43,90,277,ship,recovery,confidence-floor
g072,complexity,63,67,26,78,464,ship,negative,lane-boundary
g073,input width,82,45,19,33,427,ship,baseline,monotonic-signal
g074,search depth,51,36,17,58,341,ship,edge,drag-penalty
g075,boundary pressure,83,69,39,32,417,ship,recovery,confidence-floor
g076,complexity,102,53,30,24,472,ship,negative,lane-boundary
g077,input width,71,48,6,67,496,ship,baseline,monotonic-signal
g078,search depth,103,48,38,93,580,ship,edge,drag-penalty
g079,boundary pressure,35,50,13,36,273,ship,recovery,confidence-floor
g080,complexity,92,19,44,44,362,ship,negative,lane-boundary
g081,input width,36,41,40,95,296,ship,baseline,monotonic-signal
g082,search depth,100,19,11,39,483,ship,edge,drag-penalty
g083,boundary pressure,47,56,27,59,337,ship,recovery,confidence-floor
g084,complexity,68,32,36,30,288,ship,negative,lane-boundary
g085,input width,38,57,42,63,266,ship,baseline,monotonic-signal
g086,search depth,115,37,26,84,624,ship,edge,drag-penalty
g087,boundary pressure,113,65,19,99,723,ship,recovery,confidence-floor
g088,complexity,115,46,38,25,488,ship,negative,lane-boundary
g089,input width,32,39,7,36,257,ship,baseline,monotonic-signal
g090,search depth,38,38,14,89,364,ship,edge,drag-penalty
g091,boundary pressure,88,75,40,77,536,ship,recovery,confidence-floor
g092,complexity,117,61,13,32,615,ship,negative,lane-boundary
g093,input width,47,22,22,57,280,ship,baseline,monotonic-signal
g094,search depth,71,75,28,31,412,ship,edge,drag-penalty
g095,boundary pressure,75,69,11,23,451,ship,recovery,confidence-floor
g096,complexity,36,68,4,66,400,ship,negative,lane-boundary
